<filetype binary="false" description="OV model file" name="OV model">
  <highlighting>
    <options>
      <option name="LINE_COMMENT" value="//" />
      <option name="COMMENT_START" value="/*" />
      <option name="COMMENT_END" value="*/" />
      <option name="HEX_PREFIX" value="" />
      <option name="NUM_POSTFIXES" value="" />
      <option name="HAS_BRACKETS" value="true" />
    </options>
    <keywords keywords="#include;ASSOCIATION;CHILD;CLASS;END_ASSOCIATION;END_CLASS;END_LIBRARY;END_OPERATIONS;END_PARTS;END_STRUCTURE;END_VARIABLES;LIBRARY;OPERATIONS;PARENT;PARTS;STRUCTURE;VARIABLES" ignore_case="false" />
    <keywords2 keywords="AUTHOR;COMMENT;COPYRIGHT;FLAGS;INITIALVALUE;UNIT;VERSION" />
    <keywords3 keywords="ANY;BOOL;BOOL_PV;C_FUNCTION;C_TYPE;DOUBLE;DOUBLE_PV;HAS_ACCESSORS;HAS_GET_ACCESSOR;HAS_SET_ACCESSOR;INT;INT_PV;IS_ABSTRACT;IS_DERIVED;IS_FINAL;IS_INSTANTIABLE;IS_LOCAL;IS_STATIC;LIBRARY_OPEN;MANY_TO_MANY;ONE_TO_MANY;ONE_TO_ONE;SINGLE;SINGLE_PV;STRING;STRING_PV;TIME;TIME_PV;TIME_SPAN;TIME_SPAN_PV;UINT;UINT_PV" />
    <keywords4 keywords="FALSE;FB_FNC_TYPEMETHOD;KSBASE_FNC_TYPEMETHOD;OV_FNC_CHECKINIT;OV_FNC_CONSTRUCTOR;OV_FNC_DESTRUCTOR;OV_FNC_GETACCESS;OV_FNC_GETCOMMENT;OV_FNC_GETFLAGS;OV_FNC_GETTECHUNIT;OV_FNC_GETVAR;OV_FNC_RENAME;OV_FNC_SETVAR;OV_FNC_SHUTDOWN;OV_FNC_STARTUP;TRUE" />
  </highlighting>
  <extensionMap>
    <mapping ext="ovm" />
  </extensionMap>
</filetype>